04eb8afd-de8d-43ab-ab16-77f870c92c96	Pending	task.state.update
07ee6098-4439-4916-86a9-e07ca600aa7b	Pending	task.state.update
205b1062-3657-47c3-896c-868537352417	Pending	task.state.update
217d4647-229c-47b0-bcf8-d5d39adf7ef6	Pending	task.state.update
4be396f0-ff5e-4281-a2fd-f4f44b0e2777	Pending	task.state.update
4f7405f7-1471-44fb-86d9-dc5a02b95318	Pending	task.state.update
8124c3e6-f010-4434-95a2-ca2570b213e5	Pending	task.state.update
a88db4c5-3489-4ecd-9828-6191e58b7611	Pending	task.state.update
d7b9b63d-8533-490c-8817-d5f883f1357f	Pending	task.state.update
e357d90b-74e6-40ba-ad3c-972923c0b9bb	Pending	task.state.update
