infra/buildkit	platform/buildkit
infra/chaos	platform/chaos
infra/config	platform/configfx
infra/db	platform/db
infra/etcd	platform/etcd
infra/harbor	platform/harbor
infra/helm	platform/helm
infra/jwtkeys	platform/jwtkeys
infra/k8s	platform/k8s
infra/logger	platform/logger
infra/loki	platform/loki
infra/redis	platform/redis
infra/runtime	platform/runtime
infra/tracing	platform/tracing
framework	platform/framework
middleware	platform/middleware
router	platform/router
httpx	platform/httpx
searchx	platform/searchx
consts	platform/consts
testutil	platform/testutil
utils	platform/utils
dto	platform/dto
model	platform/model
proto	platform/proto
config	platform/config
internal/cli	platform/internalcli
